User Input,Chatbot Response,Timestamp
How old are you,My purpose is to assist you,2025-03-12 18:38:49
How's the weather today,You can check the weather on a weather app or website.,2025-03-12 18:39:52
H,Hi there,2025-03-12 22:30:38
Hello,Hello,2025-03-12 22:30:41
How old are you,My purpose is to assist you,2025-03-12 22:43:14
How old a,Nothing much,2025-03-12 22:43:24
hello,Nothing much,2025-03-12 22:43:29
How old are you,I can answer questions and provide assistance,2025-03-12 22:44:21
How old are you,I can answer questions and provide assistance,2025-03-12 22:47:38
Ho,Nothing much,2025-03-12 22:48:01
Hello,Nothing much,2025-03-12 22:48:05
How old are you,I can answer questions and provide assistance,2025-03-12 22:48:12
How can I make a budget,"A good budgeting strategy is to use the 50/30/20 rule. This means allocating 50% of your income towards essential expenses, 30% towards discretionary expenses, and 20% towards savings and debt repayment.",2025-03-12 22:49:21
How old are you,My purpose is to assist you,2025-03-12 22:50:07
How old are you,My purpose is to assist you,2025-03-12 22:51:02
What is a credit score,You can check your credit score for free on several websites such as Credit Karma and Credit Sesame.,2025-03-12 22:51:30
What is a credit score,You can check your credit score for free on several websites such as Credit Karma and Credit Sesame.,2025-03-12 22:51:52
How old are you,I am a chatbot,2025-03-12 23:00:50
How old are you,My purpose is to assist you,2025-03-12 23:09:45
What is a credit score,"A credit score is a number that represents your creditworthiness. It is based on your credit history and is used by lenders to determine whether or not to lend you money. The higher your credit score, the more likely you are to be approved for credit.",2025-03-12 23:11:57
What is a credit score,"A credit score is a number that represents your creditworthiness. It is based on your credit history and is used by lenders to determine whether or not to lend you money. The higher your credit score, the more likely you are to be approved for credit.",2025-03-12 23:12:04
What is a credit score,You can check your credit score for free on several websites such as Credit Karma and Credit Sesame.,2025-03-12 23:12:11
How are yo,My purpose is to assist you,2025-03-13 15:22:30
How old are you,I can answer questions and provide assistance,2025-03-13 15:23:08
How old are you,My purpose is to assist you,2025-03-13 15:23:28
 What is a credit score,You can check your credit score for free on several websites such as Credit Karma and Credit Sesame.,2025-03-13 15:24:11
What's the weather like,"I'm sorry, I cannot provide real-time weather information.",2025-03-13 15:25:41
